segment_id,lat_center,lon_center,lat_mean,lon_mean,lat_bin,lon_bin,police_station,junction_name,junction_bucket,road_class,road_width_m,event_count,map_matching_mode,representative_location,road_name,osm_highway,geometry_wkt,segment_total_events,segment_event_rate,segment_rank_pct
osm_way_36957712,12.977085475963761,77.57561449181279,12.977405947822087,77.57553810521472,12976,77575,Upparpet,BTP040 - Elite Junction,Named Junction,secondary,9.0,3260,osm_overpass_nearest_road,"Subedar Chatram Road, RK Puram, Gandhi Nagar, Bengaluru, Karnataka. Pin-560009 (India)",Subedar Chatram Road,tertiary,"LINESTRING (77.5750712 12.9790093, 77.5750959 12.9789184, 77.5751065 12.9788837, 77.5753273 12.9781782, 77.5754995 12.9777026, 77.5756652 12.9772165, 77.5756806 12.9771586, 77.5756976 12.9770902, 77.5757338 12.9766699, 77.5757767 12.976155, 77.5757909 12.9760778, 77.5758211 12.9759617, 77.5758576 12.9758588, 77.5759144 12.9757236, 77.5759921 12.9756394, 77.5760561 12.975533, 77.5760632 12.9755044, 77.5760617 12.9754284, 77.5760653 12.9753626, 77.5760588 12.9752631, 77.5760832 12.9751678)",2945.0,0.8959537572254336,1.0
osm_way_1091226939,13.071996641117888,77.58955024504385,13.07128243035461,77.58822930138298,13071,77587,Kodigehalli,No Junction,No Junction,secondary,9.0,2820,osm_overpass_nearest_road,"Sahakar Nagar Road, Fortune Acacia, Byatarayanapura, Bengaluru, Karnataka. Pin-560092 (India)",GKVK Road,secondary,"LINESTRING (77.5925525 13.0720013, 77.5914312 13.0723047, 77.5905982 13.0725268, 77.5896806 13.0727613, 77.5896125 13.0727718, 77.589507 13.0727683, 77.5891243 13.0727073, 77.5889598 13.0726464, 77.5889281 13.0726233, 77.5888543 13.0725628, 77.5887792 13.0724513, 77.5885689 13.0721232, 77.5883755 13.0718127, 77.5883489 13.0717699, 77.5883427 13.0717604, 77.5881568 13.0714775, 77.5880092 13.0712601, 77.587949 13.0711912, 77.5878596 13.0710889, 77.58772 13.0709316, 77.5876706 13.070876, 77.587278 13.0704456, 77.5871958 13.0703977, 77.5870595 13.0703397)",2624.0,0.7982963188317614,0.9833333333333333
osm_way_207478098,12.976853645487303,77.57725627025195,12.976642602039357,77.57730475910554,12976,77577,Upparpet,BTP040 - Elite Junction,Named Junction,secondary,9.0,2795,osm_overpass_nearest_road,"5th Main Road, Kempe Gowda Circle, Gandhi Nagar, Bengaluru, Karnataka. Pin-560009 (India)",W H Hanumanthappa Road,tertiary,"LINESTRING (77.5770417 12.9748638, 77.5770658 12.9749238, 77.5773858 12.9761091, 77.5774247 12.9762448, 77.5773324 12.9769348, 77.577324 12.9769955, 77.5773154 12.9770549, 77.5772549 12.977612, 77.5772101 12.9781106, 77.5771476 12.9786725, 77.5771236 12.9788731)",2546.0,0.7745664739884393,0.95
osm_way_1158621923,12.982864874124026,77.61079119375364,12.981663721704297,77.61032356718864,12982,77610,Shivajinagar,BTP051 - Safina Plaza Junction,Named Junction,secondary,9.0,2746,osm_overpass_nearest_road,"Kamaraj Road, Sri Nagamma Devi Circle, Sivanchetti Gardens, Bengaluru, Karnataka. Pin-560042 (India)",Kamaraj Road,tertiary,"LINESTRING (77.6100994 12.981036, 77.6101421 12.9811601, 77.610227 12.9814067, 77.6102618 12.9815071, 77.6102719 12.9815371, 77.6102848 12.9815765, 77.6105128 12.9822064, 77.6105482 12.982335, 77.6105896 12.9826403, 77.6106274 12.9828988, 77.6106499 12.9830532, 77.6106643 12.9830954, 77.6107615 12.9832888, 77.6109992 12.9836568, 77.6112553 12.9838788, 77.6114976 12.9840777, 77.6117128 12.9842886, 77.6117556 12.9843505, 77.6117965 12.9844973)",2424.0,0.7374505628232431,0.9166666666666666
osm_way_114922746,12.932394361485507,77.69237180561099,12.933552050868927,77.69112436155612,12933,77691,HAL Old Airport,No Junction,No Junction,primary,12.0,2616,osm_overpass_nearest_road,"New Horizon College Road, New Horizon College of Engineering, Kadubisanahalli, Bengaluru, Karnataka. Pin-560103 (India)",New Horizon College Road,primary,"LINESTRING (77.6904811 12.9346363, 77.6905042 12.9345893, 77.6906181 12.9343469, 77.6907098 12.9341396, 77.6908001 12.9339828, 77.6908823 12.9338732, 77.6909145 12.9338306, 77.6909498 12.9337781, 77.6909746 12.9337385, 77.6910704 12.933536, 77.6912202 12.9332556, 77.691629 12.9324882, 77.6917322 12.9322735, 77.6919062 12.932136, 77.6925399 12.9317692, 77.6932715 12.9314364, 77.6933405 12.9314134, 77.6934113 12.9313985, 77.6935022 12.9313927, 77.6944469 12.9313453, 77.6949182 12.9313358, 77.694964 12.9313349, 77.6949933 12.9313343, 77.6950507 12.9313312)",2554.0,0.7770003042287801,0.9666666666666667
osm_way_26139254,12.976750147842468,77.57646299116512,12.9769971167057,77.57646129371584,12977,77576,Upparpet,BTP040 - Elite Junction,Named Junction,residential,6.0,2562,osm_overpass_nearest_road,"6th Main Road, RK Puram, Gandhi Nagar, Bengaluru, Karnataka. Pin-560009 (India)",,residential,"LINESTRING (77.5764555 12.9780131, 77.5764653 12.9778849, 77.5764745 12.9775456, 77.576502 12.9771196, 77.5765082 12.9770641, 77.5765114 12.9770102, 77.5765397 12.9762162, 77.5764481 12.9759669, 77.5761926 12.9755992, 77.576166 12.9755676)",2233.0,0.6793428658351081,0.9
osm_way_238204954,13.033766999489021,77.58830814472354,13.035308043955306,77.58902140572215,13034,77588,Hebbala,No Junction,No Junction,secondary,9.0,2541,osm_overpass_nearest_road,"Bellary Road, Vinayaka Nagar, Hebbal, Bengaluru, Karnataka. Pin-560024 (India)",,tertiary,"LINESTRING (77.5896413 13.0391168, 77.5896333 13.0390477, 77.5896159 13.0388971, 77.5895934 13.0387022, 77.5895569 13.0384562, 77.5895434 13.0383093, 77.5895396 13.0382688, 77.5895168 13.0380097, 77.5894958 13.0376843, 77.5894897 13.0375654, 77.5894674 13.037188, 77.5894545 13.0368067, 77.5893897 13.0364164, 77.5893585 13.0362732, 77.5893359 13.0361655, 77.5892772 13.0359949, 77.58924 13.0359144, 77.5892312 13.0358943, 77.5892169 13.0358613, 77.5892032 13.0358257, 77.5891702 13.0357548, 77.589153 13.0357179, 77.5888455 13.0350662, 77.5888141 13.0350071, 77.5886427 13.034619, 77.5885703 13.0343925, 77.5885063 13.0341558, 77.5884959 13.0340825, 77.5884633 13.0338577, 77.5884402 13.0335721, 77.588374 13.0332776, 77.588352 13.0331796, 77.5882036 13.0328078, 77.5880042 13.0324173, 77.5877483 13.031916, 77.5873759 13.0310874, 77.5870899 13.0304228, 77.5870571 13.0303467, 77.5868858 13.0299177, 77.5868452 13.029816, 77.5867828 13.0296395, 77.5864491 13.0288208, 77.5863536 13.0285724)",2439.0,0.742013994523882,0.9333333333333333
osm_way_142664922,12.980496874585638,77.60756380222188,12.980313766945054,77.60743796874725,12981,77607,Shivajinagar,BTP051 - Safina Plaza Junction,Named Junction,secondary,9.0,2275,osm_overpass_nearest_road,"Main Guard Cross Road, Tasker Town, Shivaji Nagar, Bengaluru, Karnataka. Pin-560001 (India)",Main Guard Cross Road,tertiary,"LINESTRING (77.6070952 12.9792685, 77.6071409 12.9793888, 77.6073836 12.9800269, 77.6074706 12.9802558, 77.6076935 12.9808418, 77.6079559 12.9815211, 77.6079642 12.9815406, 77.6080461 12.9817196)",1988.0,0.6048068147246729,0.8833333333333333
osm_way_1207956701,12.969572265754024,77.57562264857323,12.969297471136619,77.57545534924311,12967,77574,City Market,"BTP083 - AS Char Street, Mysore Road",Named Junction,secondary,9.0,2120,osm_overpass_nearest_road,"AS Char Main Road, Chickpet Circle, Chickpete, Bengaluru, Karnataka. Pin-560053 (India)",B.V.K. Iyengar Road,tertiary,"LINESTRING (77.5782165 12.9742839, 77.5782278 12.9742486, 77.5782223 12.9742351, 77.5776122 12.9732963, 77.577262 12.9728021, 77.5770768 12.972468, 77.5769176 12.9721843, 77.5767774 12.9719343, 77.576621 12.9716162, 77.5764488 12.9712876, 77.5761969 12.9707663, 77.5759496 12.9703063, 77.5758361 12.970092, 77.5757499 12.9699214, 77.5756955 12.969816, 77.5754016 12.9693619, 77.575299 12.9691863, 77.5751608 12.9689499, 77.5751179 12.9688663, 77.5750366 12.9686896, 77.5749002 12.9684141, 77.574889 12.9683898, 77.5748666 12.9683438, 77.5747499 12.9680994, 77.5746035 12.9678268, 77.5745573 12.967738, 77.574455 12.9675416, 77.5744276 12.9674877, 77.574304 12.9672571, 77.5740237 12.9667126, 77.5739248 12.9665043, 77.5738916 12.9664173, 77.5737872 12.9660315, 77.5737699 12.9656705, 77.5737705 12.9654368, 77.5737614 12.9650533, 77.5737589 12.9650053, 77.5737567 12.9649596, 77.5737399 12.9646124)",1981.0,0.6026772132643748,0.8666666666666667
osm_way_23515540,12.976942609972452,77.57782639526344,12.976968142125605,77.57747172086957,12976,77577,Upparpet,BTP040 - Elite Junction,Named Junction,secondary,9.0,2070,osm_overpass_nearest_road,"Y Ramachandra Road, Sri Kanakadasa Circle, Gandhi Nagar, Bengaluru, Karnataka. Pin-560009 (India)",2nd Cross Road,tertiary,"LINESTRING (77.5756976 12.9770902, 77.5757886 12.9770972, 77.5760581 12.977088, 77.5765082 12.9770641, 77.577324 12.9769955, 77.5776336 12.9769647, 77.5779741 12.9769322, 77.5782155 12.9769092, 77.5786807 12.9768683, 77.5792617 12.9768129, 77.5794481 12.9767977, 77.5797583 12.9767729, 77.5799536 12.9767572)",1870.0,0.5689078186796471,0.85
osm_way_36967993,12.981327453737364,77.60904031191417,12.981402506567235,77.60880063594286,12981,77608,Shivajinagar,BTP051 - Safina Plaza Junction,Named Junction,secondary,9.0,2034,osm_overpass_nearest_road,"Dispensary Road, Tasker Town, Shivaji Nagar, Bengaluru, Karnataka. Pin-560001 (India)",Dispensary Road,tertiary,"LINESTRING (77.6080461 12.9817196, 77.6082407 12.9816235, 77.6082691 12.9816089, 77.6082814 12.9816038, 77.6086001 12.9814971, 77.6095242 12.9811414, 77.6099607 12.9809819, 77.6099872 12.9809724, 77.6100453 12.9809645)",1830.0,0.5567386674779434,0.8333333333333334
osm_way_72099282,12.980892219739307,77.61056316940372,12.981013103834808,77.61030084896754,12981,77610,Shivajinagar,BTP051 - Safina Plaza Junction,Named Junction,secondary,9.0,2034,osm_overpass_nearest_road,"Dickenson Road, Sri Nagamma Devi Circle, Sivanchetti Gardens, Bengaluru, Karnataka. Pin-560042 (India)",Dickenson Road,secondary,"LINESTRING (77.6100994 12.981036, 77.6102352 12.9809938, 77.6104414 12.9809372, 77.6106842 12.980854, 77.6108994 12.9807677, 77.6109369 12.9807651, 77.6109705 12.9807751, 77.6110012 12.9807838, 77.6110229 12.9807949)",1675.0,0.5095832065713416,0.7333333333333333
osm_way_548524980,12.97905629257016,77.579264892559,12.979066866654659,77.57907847997792,12978,77580,Upparpet,BTP058 - Subbanna Junction,Named Junction,secondary,9.0,2001,osm_overpass_nearest_road,"Vajreshwari Road, R Subanna Circle, Gandhi Nagar, Bengaluru, Karnataka. Pin-560001 (India)",6th Cross Road,tertiary,"LINESTRING (77.5814238 12.9788635, 77.5813476 12.9788978, 77.581298 12.9789125, 77.5798959 12.979021, 77.5795785 12.9790472, 77.5783025 12.9791192, 77.5771746 12.9791906, 77.5771507 12.9791846, 77.5771002 12.9791649)",1790.0,0.5445695162762397,0.8
osm_way_1062970360,12.93203005241554,77.69259937893712,12.933308985513532,77.69109409218045,12933,77690,HAL Old Airport,No Junction,No Junction,primary,12.0,1943,osm_overpass_nearest_road,"New Horizon College Road, Embassy Tech Village, Devara Beesana Halli, Bengaluru, Karnataka. Pin-560103 (India)",New Horizon College Road,primary,"LINESTRING (77.6950298 12.9312518, 77.6949812 12.9312563, 77.6949452 12.9312576, 77.6934147 12.9313108, 77.6931247 12.9313985, 77.6924823 12.9317062, 77.6918344 12.9320798, 77.6916741 12.9322054, 77.6912023 12.9331522, 77.6908455 12.9337979, 77.6908261 12.9338383)",1816.0,0.5524794645573471,0.8166666666666667
osm_way_411092287,12.973275852224216,77.57915224504028,12.97326839255814,77.57916294041343,12972,77578,Upparpet,BTP044 - Sagar Theatre Junction,Named Junction,residential,6.0,1935,osm_overpass_nearest_road,"3rd Cross Road, Kempegowda Extension, Chickpete, Bengaluru, Karnataka. Pin-560009 (India)",6th Cross Road,residential,"LINESTRING (77.5793892 12.9738042, 77.5793509 12.9737188, 77.5792103 12.9734053, 77.5790666 12.9730849, 77.5789153 12.9727475)",1785.0,0.5430483723760268,0.7833333333333333
osm_way_691961205,13.189058972735076,77.68040575790477,13.185980338174053,77.67990931836624,13183,77679,Chikkajala,No Junction,No Junction,secondary,9.0,1873,osm_overpass_nearest_road,"Unnamed Road, Begur Chikkanahalli, Bengaluru, Karnataka. Pin-562149 (India)",,secondary,"LINESTRING (77.6796151 13.183401, 77.679604 13.1835106, 77.6795877 13.1836568, 77.679763 13.1849192, 77.6797958 13.185087, 77.6798553 13.1854447, 77.6800105 13.1863767, 77.6803303 13.1877037, 77.6803591 13.1878525, 77.6805181 13.1893839, 77.6809545 13.1929041, 77.6809547 13.1929825, 77.6809588 13.1943464, 77.6809591 13.1944585, 77.6809426 13.1945832, 77.6809336 13.1946297, 77.6809284 13.1946555, 77.680911 13.194742)",1769.0,0.5381807118953453,0.7666666666666667
osm_way_38684970,12.976628513341469,77.57438231038472,12.977249944558745,77.57416207666485,12975,77574,Upparpet,BTP045 - Danvanthri Road Junction,Named Junction,primary,12.0,1847,osm_overpass_nearest_road,"Major T Ramachandrappa Road, AT Extension, Gandhi Nagar, Bengaluru, Karnataka. Pin-560009 (India)",Dhanvanthari Road,primary,"LINESTRING (77.5746648 12.9742752, 77.5746606 12.9743621, 77.5746391 12.9745604, 77.5746691 12.9748205, 77.5746978 12.9750029, 77.5747547 12.9754468, 77.5747569 12.9754668, 77.5747838 12.9755462, 77.5748102 12.9756772, 77.5748299 12.9759817, 77.5748429 12.9761596, 77.5748052 12.976477, 77.5747687 12.9766096, 77.5746172 12.9769933, 77.5744934 12.9771702, 77.5743944 12.9773116, 77.5742749 12.9774604, 77.5742335 12.9775119, 77.5742187 12.9775304, 77.5738041 12.9780468, 77.5735066 12.9783696, 77.5734094 12.9784867, 77.5733274 12.9785228, 77.5732778 12.9785769, 77.5731925 12.9786698)",1644.0,0.5001521143900213,0.7166666666666667
osm_way_1278975050,12.964638984106822,77.53959511971502,12.964807015938337,77.53907634540067,12965,77538,Vijayanagara,"BTP016 - 5th Main Road, RPC Layout",Named Junction,secondary,9.0,1741,osm_overpass_nearest_road,"Sri Sankasta Hara Ganapati Temple Road, RPC Layout, Vijaya Nagar Stage 2, Bengaluru, Karnataka. Pin-560104 (India)",5th Main Road,secondary,"LINESTRING (77.538189 12.9650872, 77.5385739 12.9649567, 77.5391349 12.964763, 77.5395405 12.9646229, 77.540567 12.9643633, 77.5410181 12.9642473)",1730.0,0.5263157894736842,0.75
osm_way_1312956274,12.969587239463605,77.57556508371913,12.969109155416938,77.5752890243114,12970,77576,City Market,BTP043 - Upparpet Junction,Named Junction,secondary,9.0,1719,osm_overpass_nearest_road,"AS Char Main Road, Chickpet Circle, Chickpete, Bengaluru, Karnataka. Pin-560053 (India)",B.V.K. Iyengar Road,tertiary,"LINESTRING (77.5736671 12.9646068, 77.5736867 12.9650014, 77.5736882 12.9650521, 77.5737061 12.9654368, 77.5737132 12.9656612, 77.5737285 12.9660419, 77.5738475 12.9664496, 77.5740342 12.9668723, 77.5743947 12.9675658, 77.5745501 12.967861, 77.5746927 12.9681318, 77.5748156 12.9683723, 77.5748465 12.9684316, 77.5750929 12.9689059, 77.5752556 12.9692096, 77.5752775 12.9692505, 77.5753546 12.9693829, 77.575654 12.9698415, 77.5757117 12.9699524, 77.5759041 12.9703364, 77.5760619 12.9706391, 77.5761402 12.9707896, 77.5763721 12.9712754, 77.5765714 12.9716441, 77.5767305 12.9719539, 77.5768063 12.972089, 77.5768792 12.9722297, 77.577013 12.9724878, 77.5771623 12.9727413, 77.5772204 12.9728423, 77.577247 12.9728884, 77.5774755 12.9732236, 77.5775466 12.9733234, 77.5781461 12.974243, 77.5781602 12.9742649, 77.5781658 12.9742733, 77.5782165 12.9742839)",1582.0,0.4812899300273806,0.7
osm_way_616360044,13.188968635438611,77.6805100508947,13.185357072943443,77.67996548290488,13184,77679,Chikkajala,No Junction,No Junction,secondary,9.0,1556,osm_overpass_nearest_road,"Unnamed Road, Begur Chikkanahalli, Bengaluru, Karnataka. Pin-562149 (India)",,secondary,"LINESTRING (77.6810911 13.194404, 77.6810889 13.1930848, 77.6810887 13.1929863, 77.6810881 13.1928987, 77.6808027 13.1905948, 77.6806386 13.1893377, 77.6805308 13.1884672, 77.6804358 13.1878337, 77.6804108 13.1876801, 77.6802817 13.187151, 77.6802049 13.1868364, 77.680089 13.1863613, 77.6800156 13.1859399, 77.6799699 13.1856785, 77.6798431 13.184906, 77.679765 13.1843361, 77.6797578 13.1842836, 77.6797041 13.1838921, 77.6796809 13.183733, 77.6797046 13.1835616)",1462.0,0.44478247642226953,0.6833333333333333
osm_way_621789367,12.974428126521593,77.54570064544912,12.974439305192178,77.54552196574512,12974,77545,Vijayanagara,BTP020 - Hosahalli Metro Station,Named Junction,primary,12.0,1483,osm_overpass_nearest_road,"Chord Road, Manuvana, Vijaya Nagar, Bengaluru, Karnataka. Pin-560040 (India)",Chord Road,primary_link,"LINESTRING (77.5449062 12.9744326, 77.5450517 12.9744316, 77.5454083 12.974429, 77.5456615 12.9744272, 77.5458486 12.9744259, 77.5464951 12.9744271)",1423.0,0.43291755400060844,0.6666666666666666
osm_way_1427908500,12.841273439939654,77.64855975632886,12.841716519300698,77.64635073181819,12841,77645,Electronic City,No Junction,No Junction,secondary,9.0,1430,osm_overpass_nearest_road,"Neeladri Road, Ajmera Annex, Karuna Nagar, Doddathogur, Bengaluru, Karnataka. Pin-560100 (India)",Neeladri Road,secondary,"LINESTRING (77.6529409 12.8401561, 77.6528335 12.8402083, 77.6526284 12.8403171, 77.6524489 12.8403816, 77.6524229 12.840391, 77.652045 12.8405124, 77.6519893 12.8405277, 77.6519047 12.8405487, 77.6517091 12.8406048, 77.6515765 12.8406428, 77.6515242 12.8406567, 77.6513956 12.840691, 77.6510261 12.8407441, 77.6506437 12.8408301, 77.6504132 12.8408912, 77.6502301 12.8409397, 77.649985 12.8410045, 77.6498292 12.8410457, 77.6495995 12.8411065, 77.6494658 12.8411419, 77.6494447 12.8411475, 77.6494084 12.8411568, 77.6493798 12.8411659, 77.6493432 12.8411744, 77.6492855 12.8411896, 77.6491931 12.841214, 77.6489607 12.8412755, 77.6486318 12.8413615, 77.6485498 12.8413842, 77.6481214 12.8414976, 77.6480529 12.8415157, 77.6479862 12.8415333, 77.6479752 12.8415362, 77.6479047 12.8415549, 77.6477343 12.841596, 77.6474502 12.8416678, 77.6472045 12.8417299, 77.6468986 12.8418082, 77.6467843 12.8418375, 77.6467349 12.841842, 77.6466845 12.8418465, 77.6464606 12.8418911, 77.6464233 12.8418985, 77.6463918 12.8419022, 77.646164 12.8419293, 77.646123 12.8419343, 77.6458654 12.8419655, 77.6456405 12.8419546, 77.6455156 12.8419246, 77.6454557 12.8418967, 77.6453679 12.8418558, 77.6451884 12.841749, 77.645101 12.8417186, 77.645021 12.8416908, 77.6448429 12.8416708, 77.6442693 12.8417001, 77.6441329 12.8417033)",1239.0,0.37693945847277155,0.65
osm_way_1304379337,12.979812283815365,77.5749078562517,12.979782275115921,77.57493152511593,12979,77574,Upparpet,BTP057 - Anand Rao Junction,Named Junction,secondary,9.0,1294,osm_overpass_nearest_road,"Subedar Chatram Road, Anand Rao Circle, Gandhi Nagar, Bengaluru, Karnataka. Pin-560009 (India)",Subedar Chatram Road,tertiary,"LINESTRING (77.5747755 12.9806213, 77.5747944 12.9804928, 77.5748336 12.9802272, 77.5748759 12.9799578, 77.5748796 12.9799346, 77.5749618 12.9794576, 77.5750712 12.9790093)",1122.0,0.34134469120778826,0.6
osm_way_515732742,12.997921294986323,77.54493236260319,12.997638214939947,77.54667750318588,12997,77543,Vijayanagara,BTP205 - Modi Hospital Junction,Named Junction,secondary,9.0,1243,osm_overpass_nearest_road,"Padmabhushan Dr MC Modi Road, Phase 1, Manjunatha Nagar, Rajaji Nagar, Bengaluru, Karnataka. Pin-560010 (India)",Modi Hospital Main Road,secondary,"LINESTRING (77.5489903 12.9975251, 77.5489437 12.9975227, 77.548436 12.9974964, 77.5484299 12.9974962, 77.5476825 12.9974667, 77.5465163 12.9974227, 77.5464283 12.9974194, 77.5463675 12.9974172, 77.5462716 12.9974204, 77.5459103 12.9974325, 77.5454662 12.9974488, 77.5450397 12.9974962, 77.5449022 12.997533, 77.5427821 12.9983669, 77.5423629 12.9986017, 77.541779 12.9989724, 77.5416311 12.9990606, 77.541438 12.9991758, 77.5412835 12.9992647, 77.5412555 12.9992808, 77.541132 12.9993701)",1169.0,0.3556434438697901,0.6333333333333333
osm_way_325436715,12.991960235782026,77.58862880681458,12.991452731343438,77.5885572330766,12991,77588,High ground,BTP032 - Windsor Circle,Named Junction,secondary,9.0,1134,osm_overpass_nearest_road,"Palace Road, Kalpana Circle, Vasant Nagar, Bengaluru, Karnataka. Pin-560001 (India)",Palace Road,tertiary,"LINESTRING (77.5885678 12.9907672, 77.588569 12.990801, 77.5885524 12.9910347, 77.5885422 12.9911615, 77.588534 12.9914522, 77.5885847 12.9918899, 77.5886182 12.9921712, 77.588641 12.9923482, 77.5886772 12.9925216, 77.5887034 12.9926113, 77.5887587 12.9928206, 77.5887916 12.9929279, 77.5888436 12.9930735, 77.5888735 12.9931271)",1130.0,0.343778521448129,0.6166666666666667
osm_way_36954518,12.976315461382207,77.57844066156758,12.976299873148976,77.5784038765388,12975,77578,Upparpet,BTP044 - Sagar Theatre Junction,Named Junction,residential,6.0,1121,osm_overpass_nearest_road,"3rd Main Road, Sri Kanakadasa Circle, Gandhi Nagar, Bengaluru, Karnataka. Pin-560009 (India)",2nd Main Road,residential,"LINESTRING (77.5786807 12.9768683, 77.5786723 12.9768176, 77.5785575 12.9765692, 77.5784149 12.9762582, 77.5782112 12.9758138, 77.5781773 12.9757734)",1010.0,0.30727106784301794,0.5666666666666667
osm_way_212987544,12.942816032474461,77.57113588253293,12.94327613033036,77.57109276388077,12944,77571,Basavanagudi,BTP108 - Tagore Park Junction,Named Junction,secondary,9.0,1103,osm_overpass_nearest_road,"Sri DV Gundappa Road, Shopper Junction, Basavanagudi, Bengaluru, Karnataka. Pin-560004 (India)",D V Gundappa Road,tertiary,"LINESTRING (77.5712463 12.9406034, 77.5711944 12.9416437, 77.5711684 12.9421664, 77.5711451 12.9426328, 77.5710947 12.9436445, 77.5710934 12.9436713, 77.5710919 12.9437009, 77.5710282 12.944979, 77.5710274 12.9449938, 77.5709983 12.9450133)",925.0,0.28141162153939764,0.48333333333333334
osm_way_1091199881,13.008147238061879,77.69498636068339,13.008125207798164,77.69524381532109,13008,77694,K.R. Pura,No Junction,No Junction,residential,6.0,1090,osm_overpass_nearest_road,"MBT Road, Devasandra Junction, KR Puram, Bengaluru, Karnataka. Pin-560036 (India)",,service,"LINESTRING (77.6957101 13.0082611, 77.6956638 13.0081853, 77.6954349 13.008145, 77.6951329 13.0081209, 77.6948276 13.0081269, 77.6947271 13.0081289, 77.6945944 13.008135, 77.694451 13.0081416, 77.6943118 13.0081692, 77.6942415 13.0082272)",935.0,0.28445390933982356,0.5
osm_way_131683873,12.981783857300867,77.60636832530035,12.982001976448942,77.60642671573137,12981,77606,Shivajinagar,BTP051 - Safina Plaza Junction,Named Junction,residential,6.0,1087,osm_overpass_nearest_road,"Hospital Cross Road, Tasker Town, Shivaji Nagar, Bengaluru, Karnataka. Pin-560001 (India)",Hospital Cross Road,living_street,"LINESTRING (77.6062262 12.9813042, 77.6062415 12.9813561, 77.6065046 12.9822435, 77.6065105 12.9822635)",1079.0,0.3282628536659568,0.5833333333333334
osm_way_36897692,12.977922940125543,77.57950519038684,12.978073130064839,77.57949412020109,12978,77579,Upparpet,BTP058 - Subbanna Junction,Named Junction,residential,6.0,1082,osm_overpass_nearest_road,"2nd Main Road, Jakkarayana Kere, Gandhi Nagar, Bengaluru, Karnataka. Pin-560009 (India)",Acharya Tulsi Road,residential,"LINESTRING (77.5795785 12.9790472, 77.5795749 12.9790032, 77.579535 12.9785249, 77.5795192 12.9782229, 77.5795045 12.9779931, 77.5794755 12.9774317, 77.5794544 12.9768793, 77.5794481 12.9767977)",960.0,0.2920596288408884,0.55
osm_way_376662041,12.999170069302139,77.6741386828466,13.000330319407174,77.67699246129072,12999,77674,Mahadevapura,No Junction,No Junction,primary,12.0,1079,osm_overpass_nearest_road,"Outer Ring Road, Venkatappa Colony, Mahadevapura, Bengaluru, Karnataka. Pin-560016 (India)",Outer Ring Road,trunk,"LINESTRING (77.6693888 12.9970148, 77.6696003 12.9972142, 77.6699533 12.9973963, 77.6701123 12.9974686, 77.670498 12.997625, 77.6706449 12.9976937, 77.6708406 12.9977854, 77.6715413 12.9981135, 77.671595 12.9981386, 77.6717284 12.9981983, 77.6721315 12.9983785, 77.6730545 12.9988173, 77.6733556 12.9989605, 77.673488 12.9990235, 77.6736621 12.999116, 77.6741325 12.9993332, 77.6754253 12.9999607, 77.6762539 13.0003526, 77.6763894 13.0003982, 77.6765114 13.0004176, 77.6766034 13.0004202, 77.6767791 13.0004154, 77.6775323 13.0003968, 77.677766 13.000391, 77.6779586 13.0003626, 77.6780619 13.0003548, 77.6782002 13.0003513, 77.6783496 13.0003599, 77.6788948 13.0003961, 77.6791245 13.0004114)",885.0,0.26924247033769394,0.43333333333333335
osm_way_170932623,12.97566594790666,77.55954983761525,12.975704685254222,77.55965306265178,12975,77558,Magadi Road,No Junction,No Junction,primary,12.0,1043,osm_overpass_nearest_road,"G Narayana Kumar Road, Block C, KP Agrahara, Bengaluru, Karnataka. Pin-560023 (India)",Magadi Road,primary,"LINESTRING (77.5643882 12.9757644, 77.5641826 12.9757457, 77.5638338 12.975765, 77.5636018 12.9757541, 77.5634046 12.9757326, 77.5627504 12.9756424, 77.5625654 12.9756293, 77.562476 12.9756229, 77.561784 12.9756464, 77.561708 12.9756451, 77.5612958 12.9756725, 77.5610733 12.9756683, 77.5609966 12.9756735, 77.5607202 12.9756908, 77.5605565 12.9756885, 77.5603955 12.975699, 77.5602919 12.9757058, 77.5600778 12.9757297, 77.5598965 12.9757254, 77.559833 12.9757258, 77.5597298 12.9757265, 77.5595787 12.975727, 77.5595574 12.9757271, 77.5593247 12.9757407, 77.5591688 12.9757355, 77.559041 12.9757333, 77.5590094 12.9757327, 77.5587169 12.9757321, 77.5583055 12.9757079, 77.5577406 12.9756752, 77.5576751 12.9756704, 77.5570678 12.9756258, 77.556852 12.9756121, 77.5568229 12.9756108, 77.5564839 12.975596, 77.5563714 12.9755911, 77.5561275 12.9755804, 77.5548224 12.9755448, 77.5547248 12.9755389, 77.5547055 12.9755399)",899.0,0.2735016732582902,0.45
osm_way_107221160,13.007834500210988,77.57115730907321,13.007731615625001,77.57115094589844,13007,77571,Malleshwaram,No Junction,No Junction,primary,12.0,1024,osm_overpass_nearest_road,"Sri Venkataranga Ayangar Road, Malleshwaram 18th Cross Junction, Malleshwaram West, Bengaluru, Karnataka. Pin-560055 (India)",Sampige Road,primary,"LINESTRING (77.571172 13.0071967, 77.5711436 13.0084297, 77.5711426 13.0084723)",938.0,0.2853665956799513,0.5166666666666667
osm_way_190144809,12.9625146733843,77.57595793260985,12.963525862948208,77.57658999780877,12963,77576,City Market,BTP082 - KR Market Junction,Named Junction,primary,12.0,1004,osm_overpass_nearest_road,"KR Main Road, City Market Circle, Bengaluru, Karnataka. Pin-560002 (India)",Krishna Rajendra Road,primary,"LINESTRING (77.5750888 12.9612109, 77.5752198 12.9614394, 77.575278 12.9615264, 77.5756456 12.9621081, 77.5757939 12.9622247, 77.5758651 12.9622807, 77.5760093 12.9624076, 77.5763578 12.9630539, 77.5766564 12.9637557, 77.5767121 12.9638866)",856.0,0.26041983571645877,0.38333333333333336
osm_way_358326661,12.96481637878609,77.57604291879008,12.96469228132358,77.57635425748269,12964,77576,City Market,BTP082 - KR Market Junction,Named Junction,residential,6.0,962,osm_overpass_nearest_road,"Mysore Road, Sri Krishna Rajendra Market, Chickpete, Bengaluru, Karnataka. Pin-560002 (India)",,residential,"LINESTRING (77.5751583 12.9653247, 77.5752691 12.9652476, 77.5754223 12.9651102, 77.5755492 12.9650447, 77.5757772 12.9649353, 77.5759548 12.964847, 77.5760883 12.9647807, 77.5763807 12.9646422, 77.5764903 12.9645877, 77.5765981 12.9645388, 77.5769693 12.9643772)",906.0,0.2756312747185884,0.4666666666666667
osm_way_414833799,12.960793760524016,77.71660048438278,12.963021039499866,77.7175344811904,12960,77716,HAL Old Airport,No Junction,No Junction,primary,12.0,947,osm_overpass_nearest_road,"ITPL Main Road, Brigade Tech Gardens, Brookefield, Bengaluru, Karnataka. Pin-560037 (India)",Kundalahalli Main Road,primary,"LINESTRING (77.7184342 12.965484, 77.7184361 12.9653711, 77.7183918 12.9651279, 77.7183802 12.9650882, 77.7183258 12.9649213, 77.7182705 12.9647953, 77.7182457 12.964747, 77.7180007 12.9642726, 77.7177303 12.9637256, 77.7176795 12.9636301, 77.717581 12.963468, 77.7175237 12.9633811, 77.7174462 12.9632646, 77.7172256 12.9629159, 77.7171046 12.9627347, 77.7169305 12.962459, 77.7168332 12.9622542, 77.7167496 12.961947, 77.7167053 12.9616881, 77.7166728 12.9613832, 77.7165662 12.9607711, 77.7165424 12.9606522, 77.7164771 12.9603792, 77.716357 12.9599924, 77.7163496 12.9599709, 77.7163037 12.9598365, 77.7161953 12.9595089, 77.7161218 12.9593628, 77.7159747 12.9589356, 77.7159049 12.9587283, 77.7158637 12.9586143, 77.7157731 12.9583903, 77.7157528 12.9583343, 77.7157251 12.958258, 77.7155078 12.9577011, 77.7154096 12.9574465, 77.7150528 12.9564922, 77.7149403 12.9561766, 77.7149247 12.9561378, 77.7148843 12.9560223)",943.0,0.2868877395801643,0.5333333333333333
osm_way_458439807,12.999989634459219,77.55064985048574,13.000174114905452,77.55057506117909,13000,77550,Malleshwaram,"BTP182 - 19th Main Junction, Rajajinagar",Named Junction,secondary,9.0,899,osm_overpass_nearest_road,"19th Main Road, Block 1, Rajaji Nagar, Bengaluru, Karnataka. Pin-560010 (India)",19th Main Road,tertiary,"LINESTRING (77.5509748 12.9982716, 77.5509378 12.998467, 77.5509099 12.9986142, 77.5508583 12.9988869, 77.5508032 12.9991778, 77.5507457 12.9994815, 77.5506806 12.9998252, 77.5506031 13.0002344, 77.5505582 13.0004715, 77.5504807 13.0008811, 77.5503272 13.0017081)",802.0,0.24399148159415882,0.25833333333333336
osm_way_143240402,12.982223648495228,77.60825404844631,12.982099735372636,77.60858894071191,12981,77610,Shivajinagar,BTP051 - Safina Plaza Junction,Named Junction,secondary,9.0,899,osm_overpass_nearest_road,"Commercial Street, Tasker Town, Shivaji Nagar, Bengaluru, Karnataka. Pin-560001 (India)",Commercial Street,unclassified,"LINESTRING (77.6102719 12.9815371, 77.610227 12.981552, 77.6098421 12.9816826, 77.6098182 12.9816904, 77.6097827 12.9817019, 77.6097659 12.9817074, 77.6089962 12.9819652, 77.608971 12.9819737, 77.6089509 12.9819804, 77.6083756 12.9821729, 77.608346 12.9821818, 77.6083134 12.9821929, 77.6077146 12.9824127, 77.6076854 12.9824227, 77.6076598 12.9824316, 77.6071332 12.9826107, 77.6071027 12.9826218, 77.6070656 12.9826348, 77.6062768 12.9829051, 77.6062389 12.9829181)",842.0,0.2561606327958625,0.35
osm_way_671050558,12.999314610890206,77.54927544694702,12.999338880574292,77.54936256174332,12999,77549,Rajajinagar,BTP027 - Modi Bridge Junction,Named Junction,residential,6.0,898,osm_overpass_nearest_road,"10th Cross Road, Block 1, Rajaji Nagar, Bengaluru, Karnataka. Pin-560010 (India)",10th Cross Road,residential,"LINESTRING (77.5497605 12.9994506, 77.5495532 12.9993925, 77.5487904 12.9991786)",827.0,0.2515972010952236,0.3333333333333333
osm_way_1157218017,12.981439111672575,77.59864365614251,12.981279089717516,77.59856848338981,12980,77598,Shivajinagar,BTP042 - Minsk Square Junction (CTO),Named Junction,residential,6.0,885,osm_overpass_nearest_road,"Cunningham Road, Mantri Altiue Apartment, Shivaji Nagar, Bengaluru, Karnataka. Pin-560001 (India)",Cunningham Road,residential,"LINESTRING (77.598434 12.9807351, 77.5985319 12.9810752, 77.5987234 12.9817058, 77.5988444 12.9820931, 77.5988597 12.9821412)",794.0,0.24155765135381807,0.20833333333333334
osm_way_45297816,13.005497548196859,77.56993980701901,13.005516222260274,77.56918998390411,13005,77569,Malleshwaram,No Junction,No Junction,secondary,9.0,876,osm_overpass_nearest_road,"15th Cross Road, Malleshwara Extension, Malleshwaram West, Bengaluru, Karnataka. Pin-560055 (India)",15th Cross Road,tertiary,"LINESTRING (77.5739373 13.0054147, 77.5735864 13.0054169, 77.5731541 13.0054296, 77.5726761 13.0054391, 77.5721695 13.0054428, 77.5720693 13.005444, 77.5718896 13.0054416, 77.5716925 13.005441, 77.5716653 13.0054409, 77.5712594 13.0054368, 77.5712126 13.0054364, 77.5707973 13.0054389, 77.5704825 13.005453, 77.5704247 13.0054575, 77.5699421 13.005474, 77.5696025 13.005489, 77.5692916 13.005499, 77.569237 13.0054989, 77.5691959 13.0055008, 77.5681646 13.0055491, 77.5676058 13.0055706, 77.5673945 13.0055722, 77.567161 13.0055745, 77.5671399 13.005576, 77.566987 13.0055872, 77.5669593 13.0055908, 77.5667143 13.0056226, 77.5664784 13.0056255, 77.5659447 13.0056292)",870.0,0.26467903863705505,0.4166666666666667
osm_way_150808468,12.975358039947267,77.57631994551893,12.975399784994273,77.57633541672394,12975,77576,Upparpet,BTP040 - Elite Junction,Named Junction,primary,12.0,873,osm_overpass_nearest_road,"Kempegowda Road, Kempe Gowda Circle, Gandhi Nagar, Bengaluru, Karnataka. Pin-560009 (India)",,primary_link,"LINESTRING (77.5764607 12.9751388, 77.5763716 12.9752902, 77.5762965 12.9753966, 77.5761839 12.9755523, 77.576166 12.9755676)",866.0,0.2634621235168847,0.4
osm_way_36884561,12.97824356424307,77.58089361338057,12.977598505214372,77.58039964762457,12977,77580,Upparpet,BTP044 - Sagar Theatre Junction,Named Junction,secondary,9.0,863,osm_overpass_nearest_road,"1st Main Road, Jakkarayana Kere, Gandhi Nagar, Bengaluru, Karnataka. Pin-560009 (India)",Kalidasa Road,tertiary,"LINESTRING (77.5799536 12.9767572, 77.5799706 12.9768423, 77.5799782 12.9768806, 77.5802402 12.9772665, 77.5804517 12.9775781, 77.5804614 12.9775923, 77.5810821 12.9785067, 77.5813476 12.9788978, 77.5813716 12.9789343, 77.5817433 12.9794981, 77.5817508 12.9795174, 77.5817352 12.9795773, 77.5817004 12.9796232, 77.5816277 12.9797193)",802.0,0.24399148159415882,0.25833333333333336
osm_way_328894855,13.006952606750659,77.68843241906971,13.005855161072263,77.68606384452214,13006,77687,K.R. Pura,No Junction,No Junction,secondary,9.0,858,osm_overpass_nearest_road,"MBT Road, SM Layout, Dooravani Nagar, Bengaluru, Karnataka. Pin-560016 (India)",,tertiary,"LINESTRING (77.6849461 13.0052422, 77.6852715 13.0054194, 77.6869412 13.0063286, 77.688734 13.0072263, 77.6893726 13.0075511, 77.6899967 13.007772, 77.6918298 13.008163, 77.6920908 13.0081795)",853.0,0.259507149376331,0.36666666666666664
osm_way_1062970359,12.934219856699851,77.69063447072286,12.933983487309222,77.69071582957649,12933,77690,HAL Old Airport,No Junction,No Junction,primary,12.0,846,osm_overpass_nearest_road,"New Horizon College Road, New Horizon College of Engineering, Kadubisanahalli, Bengaluru, Karnataka. Pin-560103 (India)",New Horizon College Road,primary,"LINESTRING (77.6908261 12.9338383, 77.6907629 12.9339735, 77.6906777 12.9341121, 77.6905757 12.9343343, 77.6904771 12.934555, 77.6904474 12.9346037)",819.0,0.24916337085488288,0.31666666666666665
osm_way_23076921,12.96430843408465,77.5840257022157,12.964350447037914,77.58399613139811,12964,77584,Halasuru Gate,"BTP080 - NR Road, SP Road Junction",Named Junction,secondary,9.0,844,osm_overpass_nearest_road,"Pailwan M Krishnappa Road, Shoukath Mohalla, Nagartapete, Bengaluru, Karnataka. Pin-560002 (India)",Pehalwan Krishnappa Road,secondary,"LINESTRING (77.583987 12.963857, 77.5839952 12.9639528, 77.5840601 12.9647112, 77.5840668 12.9647596)",749.0,0.22786735625190144,0.18333333333333332
osm_way_323037309,12.971725843061314,77.65814110342721,12.971716106618532,77.65810694500601,12971,77658,Jeevanbheemanagar,No Junction,No Junction,secondary,9.0,831,osm_overpass_nearest_road,"Pusa Thippasandra Main Road, Nada Prabhu Kempegowda Circle, New Thippasandra, Bengaluru, Karnataka. Pin-560075 (India)",1st Main Road,unclassified,"LINESTRING (77.658125 12.9715581, 77.6581402 12.9716946, 77.6581537 12.9718939)",794.0,0.24155765135381807,0.20833333333333334
osm_way_1096683531,12.9737174,77.55139489999999,12.973599661612514,77.55131949049338,12973,77551,Magadi Road,"BTP070 - Cholurpalya Junction, Magadi Road",Named Junction,residential,6.0,831,osm_overpass_nearest_road,"1st Cross Road, Mallige Thotta, Cholurpalya, Bengaluru, Karnataka. Pin-560023 (India)",,service,"LINESTRING (77.5516571 12.9740182, 77.5511327 12.9734166)",807.0,0.24551262549437178,0.2833333333333333
osm_way_107221158,13.002389200395447,77.56931426633892,13.00043670811138,77.56937431501211,13005,77569,Malleshwaram,No Junction,No Junction,primary,12.0,826,osm_overpass_nearest_road,"Siddavanahalli Krishna Sharma Road, Parisara Organic Junction, Malleshwaram, Bengaluru, Karnataka. Pin-560003 (India)",Margosa Road,primary,"LINESTRING (77.5691776 13.0078881, 77.5691783 13.0078601, 77.5691813 13.007739, 77.5691832 13.0076651, 77.569191 13.0073492, 77.5691921 13.0073057, 77.5692067 13.0067174, 77.569213 13.0064639, 77.5692348 13.0055874, 77.5692352 13.0055716, 77.569237 13.0054989, 77.5692385 13.0054404, 77.5692465 13.0051182, 77.5692514 13.0049193, 77.569255 13.0047763, 77.5692607 13.0045445, 77.5692744 13.003994, 77.5692802 13.003762, 77.5692822 13.0036784, 77.5692922 13.0032787, 77.5693041 13.0027985, 77.5693107 13.0025312, 77.5693259 13.0019218, 77.5693281 13.0018305, 77.5693329 13.0016394, 77.5693398 13.0013626, 77.5693482 13.0010225, 77.5693706 13.0001232, 77.5693762 12.9998962, 77.5693911 12.9992959, 77.5693925 12.9992403, 77.5694152 12.998329, 77.5694329 12.9976128, 77.5694375 12.9974283, 77.5694461 12.9970827, 77.5694473 12.9970371, 77.5694484 12.9969909, 77.5694509 12.9968903)",797.0,0.24247033769394585,0.23333333333333334
osm_way_38674067,12.960898791217645,77.52798971314944,12.960856074907294,77.52813662088998,12960,77528,Byatarayanapura,No Junction,No Junction,secondary,9.0,809,osm_overpass_nearest_road,"4th Main Road, Sri Basaveshwara HBCS, Phase 1, Chandra Layout Stage 2, Bengaluru, Karnataka. Pin-560040 (India)",4th Main Road,tertiary,"LINESTRING (77.529641 12.9605538, 77.5293814 12.9606363, 77.529284 12.9606507, 77.5289935 12.960694, 77.5286597 12.9607774, 77.5282656 12.9608577, 77.5279485 12.9609029, 77.5271748 12.9610368, 77.5266989 12.9611543, 77.5266576 12.9611677, 77.5263442 12.9612698)",809.0,0.24612108305445696,0.3
osm_way_760543009,12.964404581447162,77.57827158561484,12.964415752701072,77.57818957257797,12964,77577,City Market,BTP082 - KR Market Junction,Named Junction,primary,12.0,799,osm_overpass_nearest_road,"Silver Jubilee Park Road, City Market Circle, Bengaluru, Karnataka. Pin-560002 (India)",SJP Road,primary,"LINESTRING (77.5775352 12.9644621, 77.5776941 12.9644591, 77.5779178 12.9644537, 77.5779519 12.9644515, 77.5783452 12.9644084, 77.5783813 12.9644049, 77.5790036 12.964302)",736.0,0.22391238211134773,0.16666666666666666
osm_way_39541581,13.012026504318188,77.55225767702167,13.012073815037594,77.55254461478697,13011,77551,Malleshwaram,No Junction,No Junction,primary,12.0,798,osm_overpass_nearest_road,"Da Ra Bendre Road, Renaissance Temple Apartment, Yeshwanthpur Suburb Stage 2, Yeshwanthpur, Bengaluru, Karnataka. Pin-560022 (India)",Chord Road,primary,"LINESTRING (77.5535192 13.0126123, 77.5533055 13.0125061, 77.5530445 13.0123707, 77.5529373 13.0123272, 77.5528562 13.0123161, 77.5526518 13.0122237, 77.5526166 13.0122066, 77.5521297 13.0119918, 77.5519588 13.011911, 77.551769 13.011816, 77.5516172 13.01174, 77.5514206 13.0116202, 77.5510168 13.0113956)",699.0,0.21265591724977184,0.11666666666666667
osm_way_37107652,13.027576507614642,77.57588542874355,13.02768657992278,77.5751102870013,13027,77578,Sadashivanagar,No Junction,No Junction,secondary,9.0,777,osm_overpass_nearest_road,"80 Feet Road, Block 2, Armane Nagar, Bengaluru, Karnataka. Pin-560094 (India)",80 Feet Road,tertiary,"LINESTRING (77.5719489 13.0283354, 77.5734529 13.0280106, 77.5740212 13.027903, 77.5745471 13.0278034, 77.5746231 13.027789, 77.5752161 13.0276841, 77.5753809 13.0276513, 77.5758277 13.0275627, 77.5769587 13.0273761, 77.5776925 13.0272552, 77.5777863 13.0272433, 77.5779455 13.0272153, 77.5781169 13.0271852, 77.5783823 13.0271386, 77.5786655 13.0270889, 77.5789431 13.0270299, 77.5789951 13.0270201, 77.579273 13.0269678, 77.579458 13.0269319, 77.5797151 13.0268892, 77.5797294 13.0268868, 77.5797877 13.0268779, 77.5798309 13.0268902)",678.0,0.2062671128688774,0.08333333333333333
osm_way_36970832,12.981296231772891,77.59782057763911,12.981105849159121,77.59841608111255,12981,77598,Shivajinagar,BTP042 - Minsk Square Junction (CTO),Named Junction,residential,6.0,773,osm_overpass_nearest_road,"Cunningham Road, Mantri Altiue Apartment, Shivaji Nagar, Bengaluru, Karnataka. Pin-560001 (India)",Maya Bazaar,residential,"LINESTRING (77.5985319 12.9810752, 77.5984815 12.9810905, 77.5977705 12.9813058, 77.5972499 12.9814844, 77.5971788 12.9815055, 77.5971096 12.981515)",705.0,0.21448128993002738,0.13333333333333333
osm_way_36897684,12.96438459994833,77.5771813020711,12.964393031546555,77.57716275054106,12964,77577,City Market,BTP082 - KR Market Junction,Named Junction,primary,12.0,773,osm_overpass_nearest_road,"Silver Jubilee Park Road, City Market Circle, Bengaluru, Karnataka. Pin-560002 (India)",SJP Road,primary,"LINESTRING (77.5768931 12.9642064, 77.5769452 12.9643175, 77.5770909 12.9643978, 77.5773326 12.9644269, 77.577442 12.9644504, 77.5775352 12.9644621)",717.0,0.21813203529053848,0.15
osm_way_503401195,12.995088850239684,77.57145131177066,12.994899321419185,77.57145851550591,12995,77571,Malleshwaram,No Junction,No Junction,primary,12.0,761,osm_overpass_nearest_road,"Sri Venkataranga Ayangar Road, Mill Corner Junction, Seshadripuram, Bengaluru, Karnataka. Pin-560020 (India)",Sampige Road,primary,"LINESTRING (77.5714897 12.9934232, 77.5714884 12.9934828, 77.571485 12.9936272, 77.5714721 12.9941886, 77.571464 12.9945374, 77.5714556 12.9949048, 77.5714393 12.9956096, 77.5714293 12.9960413, 77.571423 12.9963159, 77.5714129 12.9967545)",671.0,0.20413751140857925,0.06666666666666667
osm_way_149418897,13.010605932937187,77.55467891143944,13.011089133245383,77.55461549643799,13011,77554,Malleshwaram,No Junction,No Junction,residential,6.0,758,osm_overpass_nearest_road,"80 Feet Ring Road, Orion, Brigade Gateway, Malleshwaram West, Bengaluru, Karnataka. Pin-560055 (India)",,service,"LINESTRING (77.5544985 13.0116833, 77.5545215 13.0116554, 77.55453 13.0116441, 77.5545595 13.0116049, 77.5545809 13.0114899, 77.5545881 13.0110408, 77.5545934 13.0104682, 77.5545974 13.0100358, 77.5545972 13.0100176, 77.5546025 13.0100001, 77.5546128 13.0099849, 77.5546313 13.009971, 77.5546536 13.0099646, 77.5551459 13.0099685, 77.5551701 13.0099789, 77.5551919 13.0099936, 77.5552109 13.0100126, 77.5552257 13.0100348)",635.0,0.19318527532704594,0.03333333333333333
osm_way_1297586919,13.010893098730566,77.55449166606876,13.011351343915344,77.55450497328042,13011,77554,Malleshwaram,No Junction,No Junction,secondary,9.0,756,osm_overpass_nearest_road,"80 Feet Ring Road, Orion, Brigade Gateway, Malleshwaram West, Bengaluru, Karnataka. Pin-560055 (India)",Dr. Rajkumar Road,secondary,"LINESTRING (77.5544938 13.0120289, 77.5544982 13.0117078, 77.5544985 13.0116833, 77.5544848 13.0102188, 77.554489 13.0099984, 77.5544899 13.0099338, 77.5544896 13.0097573)",637.0,0.19379373288713111,0.05
osm_way_191031652,12.975547666093782,77.57909565902443,12.975991089650536,77.57939043776881,12974,77578,Upparpet,BTP044 - Sagar Theatre Junction,Named Junction,secondary,9.0,744,osm_overpass_nearest_road,"1st Main Road, Maharani College Junction, Gandhi Nagar, Bengaluru, Karnataka. Pin-560009 (India)",Kalidasa Road,tertiary,"LINESTRING (77.5799536 12.9767572, 77.5798591 12.9766444, 77.579694 12.9764081, 77.5796043 12.9762779, 77.5795741 12.9762355, 77.5794558 12.9760642, 77.5793826 12.9759589, 77.5790056 12.9754212, 77.57854 12.9747507, 77.5784248 12.9745861, 77.5783155 12.9744196, 77.5783052 12.9744017, 77.5782468 12.9743317)",693.0,0.21083054456951628,0.1
osm_way_363618400,12.98276971327397,77.61155064336415,12.982855025336928,77.61125668018867,12982,77610,Shivajinagar,No Junction,No Junction,secondary,9.0,742,osm_overpass_nearest_road,"Veera Pillai Road, Sri Nagamma Devi Circle, Sivanchetti Gardens, Bengaluru, Karnataka. Pin-560042 (India)",Veerapillai Street,tertiary,"LINESTRING (77.6106499 12.9830532, 77.6107609 12.9830137, 77.6109352 12.9829828, 77.611089 12.982964, 77.611318 12.9828886, 77.6115878 12.9827998, 77.611645 12.982781, 77.6117489 12.9827288, 77.6118902 12.9826579, 77.6122371 12.9824837, 77.6123641 12.9823734, 77.6123916 12.9823496)",566.0,0.1721934895041071,0.016666666666666666
